id,genre,track_name,artist_name,valence,energy
5bSPF76iSpI5p00BALV8uo,acoustic,"Daughters - Live at the Nokia Theatre, Los Angeles, CA - December 2007",John Mayer,0.407,0.38
4oa14QBfWRDfJy2agySy0L,acoustic,Gravity,Sara Bareilles,0.231,0.275
7bcP9k51f1VNCaFUyZ3P5M,acoustic,Life for Rent,Dido,0.159,0.533
6qTmjG7thRJEOaUKFmfjGR,acoustic,The Last Day on Earth,Kate Miller-Heidke,0.168,0.44
2CB6uRG30rEFOuIxQ6E6dY,acoustic,The Scientist,Various Artists,0.203,0.462
13ZxF2d4gzN0Qnhr8gRkWe,afrobeat,He Lives In You (Reprise),Various Artists,0.524,0.344
6S1cd5F5cpflZq6bAXQmg1,afrobeat,Nomvula (After the Rain),Freshlyground,0.418,0.295
6VhfsXyTnRRnNX77dQO1WA,afrobeat,Shining Star,Nneka,0.532,0.595
0bTIb1hVHD656dTDcfPLQc,afrobeat,Jupa - Remix,Various Artists,0.962,0.688
3oJOtvPbyOqRPlFvspQP3o,afrobeat,Djuru,Amadou & Mariam,0.697,0.798
6qWCceDp8iXrTu8vkKDdHD,alt-rock,Will You Come Back My Love,Various Artists,0.82,0.412
7izsUQjOYXVWkmFvEpTakb,alt-rock,Bound For The Floor,Local H,0.543,0.489
6dukhmiEW9k5OZb195VvKC,alt-rock,Batalio rep,Various Artists,0.564,0.749
1fvGs20dhb5eyiAurPO75y,alt-rock,Push And Shove,No Doubt,0.513,0.897
5FFowl1Ve4S5OehL6OywSg,alt-rock,Waiting Room,Fugazi,0.54,0.727
6cJqlSO19vsfCsH1FeFI35,alternative,Santeria,Sublime,0.585,0.772
0LtsuNRz3IMRrHCYO9fKRk,alternative,Beautiful Disaster,311,0.675,0.738
0ksiY8wT3FO1jrnafef7oR,alternative,Up & Out,Matthew Dear,0.705,0.642
34MsBWz1mAQYER6zloRGJf,alternative,Believer,American Authors,0.873,0.967
6mfkHv00I6jhHIn7EWHJ2N,alternative,Just A Girl,No Doubt,0.779,0.937
1ph6Bncj7s3BmYp6FkIzP8,ambient,Miss You,Various Artists,0.216,0.134
70RJ8ZttRmTieexbqtrRRf,ambient,VCR (The xx cover),The Antlers,0.259,0.821
4mcDWFiTDWIPJmXytF38UQ,ambient,Death Of The Author,Jenny Hval,0.115,0.413
5HzfnZhtGRSenfvmdnY7aV,ambient,Silver Morning - Remastered 2005,Brian Eno,0.151,0.237
0AvNnVWc6vl0ylt0s9S1tF,ambient,Betula Pendula,Carbon Based Lifeforms,0.0656,0.321
294HCimuluW3VEfaokg7oX,anime,Hikari,Wataru Hatano,0.584,0.952
4PykuFIJt1YlG1mvyYr0kY,anime,悲しみよこんにちは,Yuki Saito,0.715,0.814
4BPpjDhI1cRqu6nROATnGG,anime,コバルト・スカイ,Eir Aoi,0.636,0.916
1GPWsvhUkIqCnzPsJOOisT,anime,素顔でKISS ME,"Wake Up, Girls!",0.476,0.939
518CPukIiRVTbejZ6W94K1,anime,Revise the World,Various Artists,0.252,0.662
6BzW6WSOL3ay7sz3rEilZ6,black-metal,A Fine Day To Die,Emperor,0.0381,0.976
1AfLXHuyOCgynEzeOBEbkh,black-metal,Martyrium,Windir,0.139,0.866
55Z3b5qDG69Vlq8Tu0cfhG,black-metal,Crosstitution,Bathory,0.201,0.794
6Xl1Do3PBtuXhAoAjNwSDM,black-metal,Buried By Time and Dust - Live in Leipzig,Mayhem,0.00772,0.862
5kHIOwn8UOvuBMPIuwYntj,black-metal,At the Stormy Gates of Mist,Immortal,0.0287,0.98
4paa6fFGnUOmohBmoCzmdx,bluegrass,High On the Mountain,The Del McCoury Band,0.801,0.458
7bbCWvXoOSDhbSU8G2YC93,bluegrass,Won't Be Coming Back,The Infamous Stringdusters,0.874,0.652
7KZ5GAoYklpIHQrs9WV60H,bluegrass,Hear The Willow Cry,The Steeldrivers,0.902,0.589
3aX6cwaJg97tqhNG0ErHpO,bluegrass,The Traveling Song,The Avett Brothers,0.716,0.8
1x2zQ4k5dK0oLI2cPnxuq3,bluegrass,Brakeman's Blues,Bill Monroe & His Blue Grass Boys,0.729,0.365
74s9O1DfdjezivOiFNYicf,blues,Rockin' Daddy,Howlin' Wolf,0.607,0.804
4PS69rDCp6DHLVhN3vaGCN,blues,Walkin' Thru The Park,Muddy Waters,0.799,0.686
59YQ2ODxWIlphKx7dk1Am2,blues,You Know My Love,Willie Dixon,0.828,0.279
5HDvQApGjUbbIMqRBeRm2e,blues,Couldn't Stand the Weather,Stevie Ray Vaughan,0.525,0.65
5lc7PQQVAXXEgTOqGkc0US,blues,John Henry,Hugh Laurie,0.586,0.549
5KExE7nOdScwwMuvWYJKLm,bossanova,Petite Fleur,Laurindo Almeida and The Bossa Nova All Stars,0.835,0.296
7crW4JI0pCXpD8megZliLS,bossanova,Como Dizia O Poeta,Vinícius de Moraes,0.95,0.72
7240PkTnUTQq5nEgyUxeyJ,bossanova,Monologo de Orfeu,Antônio Carlos Jobim,0.35,0.199
4pPWM448lXT8C8smPmjdZy,bossanova,Agora E Cinza,Maysa,0.437,0.534
6dvNnlBj8DQEQE8YiqmccO,bossanova,Rapaz de Bem (Nice Guy),Carlos Lyra,0.307,0.153
1aUUrBmdIYN7FvIzHdpisn,brazil,Zen,Anitta,0.908,0.59
266WEiJhZI1dNUcOqr7Yzi,brazil,Infinita Highway,Engenheiros Do Hawaii,0.812,0.798
7IlN4RrC4oILrQJ1xsBM3f,brazil,Hoje Eu Quero Sair Só,Lenine,0.699,0.597
6zBw2Qqqj2daIoST9XIJC4,brazil,"Ai, Ai, Ai...",Vanessa Da Mata,0.92,0.718
4aMBthyrceSKD9omq25HgA,brazil,Só os Loucos Sabem,Various Artists,0.57,0.396
156oozyC0SdsnMrNnvMQQ1,breakbeat,Omen,The Prodigy,0.529,0.954
29gPyLfTZsQ9Q2Wvov7DOk,breakbeat,Feeling So Real,Moby,0.402,0.651
1R88Sr5Qs3cPtlFxizoX2F,breakbeat,The Last Battle,Various Artists,0.46,0.881
7kXUexrHEDUhNLSZtzKJsU,breakbeat,The Big Beat,Billy Squier,0.61,0.838
3kOHptMNAn3EmDrvFKEx07,breakbeat,Precinct (Original Mix),Stanton Warriors,0.238,0.837
33fdvicpRVPWCPz19Obajn,british,Back To Black,Amy Winehouse,0.335,0.725
5vefQfYc9Oxn8VHfgUCi1q,british,Fake Tales Of San Francisco,Arctic Monkeys,0.704,0.778
7ouMYWpwJ422jRcDASZB7P,british,Knights of Cydonia,Muse,0.211,0.963
5fEql5cR2hjR6wPGUPiEEb,british,Na Na Na,One Direction,0.639,0.903
7Az9kfq4JLD8auD1xoErrP,british,Baba O'Riley - Original Album Version,The Who,0.143,0.691
2FexpP6SQ8IXGPVjyckmaf,cantopop,愛的根源,Alan Tam,0.208,0.261
16sJCPMyPg1FVKFGYQTDoy,cantopop,"L For Love, L For Lies",Stephy Tang,0.33,0.503
0tYpzqhwT83aJQ4cEmEO8F,cantopop,"如果你知我苦衷 - 電影""藍江傳之反飛組風雲""歌曲",Vivian Chow,0.144,0.575
5Sfj1jDJowEGs5MuA4NHjE,cantopop,情深緣淺,Christopher Wong,0.312,0.477
1ZOusIYPmggh5UrPJV835c,cantopop,一時無兩,Twins,0.946,0.646
1wczHBL2SkshBnEm7KastS,chicago-house,Face It,Various Artists,0.803,0.549
4zRw2xBPx0Y1n7oN6INFh7,chicago-house,Reflect,Pablo Bolivar,0.691,0.529
4AnRuRe6SPui2J59A9YaAA,chicago-house,20 Seconds to Comply - The Bomb Squad Mix,Silver Bullet,0.593,0.913
5KYt6CLbJDIx0NLoZUfHcG,chicago-house,Spring Love,Stevie B,0.836,0.679
1lB2kyB5h9ceZ388GBfC9L,chicago-house,Jam On It,Newcleus,0.346,0.782
3X7Mbi6AVMjyCpAUT1Xyp1,children,Goodbye Song,Yo Gabba Gabba,0.781,0.77
70b5Sq3ePOu3Gqg0hjlOtR,children,"For the First Time in Forever - From ""Frozen""/Soundtrack Version",Various Artists,0.43,0.411
7BjvaB3uKVoGTo7DX1RGkZ,children,This Land,Various Artists,0.172,0.271
6NPVjNh8Jhru9xOmyQigds,children,Happy,Various Artists,0.962,0.757
5yEPktRqvIhko5QFF3aBhQ,children,Mean,Taylor Swift,0.789,0.761
4E0lSJ6c5unoku9UIZoJSl,chill,Dust in the Wind,Kansas,0.419,0.251
2ZQyksYO4zzhyHNcueL0CP,chill,Home,Phillip Phillips,0.293,0.792
7vcuTZAFyu0Z5dgMRLR0h0,chill,Such Great Heights,Iron & Wine,0.552,0.275
2lwwrWVKdf3LR9lbbhnr6R,chill,Float On,Modest Mouse,0.553,0.888
68kd5lJWU2NBDCUPYbu1mL,classical,"Sinfonia Domestica, Op. 53, TrV 209: 5. Finale. Sehr lebhaft",Richard Strauss,0.0791,0.276
1TiQvHbi4WjMY5XgQFac4D,classical,"Violin Sonata in F Minor, Op. 5: I. Allegro appassionato",Ignatz Waghalter,0.0743,0.0685
2jjVsWQEUeZ06qSqF8xiBr,classical,"Tchaikovsky: Swan Lake (Ballet), Op. 20, Act 2: No. 10, Scène (Moderato)",Pyotr Ilyich Tchaikovsky,0.0692,0.167
6nywzGnK18ZkKoQ5DY7aD5,classical,"Suite No. 1, Op. 13: III. Nocturne",Jules Massenet,0.0353,0.0296
6gKtGkDTPjVMsWt02bGCHn,classical,"Mozart: Piano Concerto No. 23 in A Major, K. 488: I. Allegro",Wolfgang Amadeus Mozart,0.16,0.0782
16SsiQFVS2ZyxqqF5OB7m8,club,Lovers on the Sun (feat. Sam Martin),David Guetta,0.568,0.891
7m3povhdMDLZwuEKak0l0n,club,Wasted,Tiësto,0.386,0.816
1GC1MIaRMW3kfVK9VyD5Ii,club,Tous les mêmes,Stromae,0.647,0.637
5R7zhvUbJTob9WEJnsXPCZ,club,Come On To Me,Major Lazer,0.36,0.913
2bf2YIN0GBbYqR6A9SaSXQ,club,Changed The Way You Kiss Me,Example,0.284,0.842
71Na8M1MC7nOI98gd10V1F,comedy,Women,Bob Odenkirk,0.503,0.346
34cKD8rcpQjX6zSjnOeDz7,comedy,Cab Drivers - Live (1998 Broadhurst Theatre),Jerry Seinfeld,0.206,0.948
55Bldp88gOkg2ei45dlMhG,comedy,Sandwiches,Mitch Hedberg,0.145,0.938
6tIfLRqGeg2MuXLuSICmg6,comedy,Telemarketers,Pete Holmes,0.289,0.965
3ESxGLMBnrktn7ean4jEn0,comedy,TWO,Daniel Tosh,0.173,0.981
3E4zA2CVysuiMWurr4W9zE,country,Po-Dunk,Kid Rock,0.526,0.816
5522Ut7YYZSv2TjLMLIpEU,country,Peter Pan,Kelsea Ballerini,0.527,0.6
4zvaFze8JDdi7h2Zlp8jhZ,country,Third Rate Romance,Sammy Kershaw,0.961,0.758
2wxfu24GQpEZQrjDJm5Ac1,country,Every Little Thing,Carly Pearce,0.32,0.428
7J9ARWRkMtXMYeF8RxJEjn,country,Don't Close Your Eyes,Keith Whitley,0.285,0.228
3nfKrEAnfGGqXiUGA3fkd7,dance,Real,Gorgon City,0.436,0.698
3JPcICirkAw4TLp9UzEcfl,dance,Flat Beat,Mr. Oizo,0.455,0.42
4bAmAVdks2Y84VNVVLXFwN,dance,Show Me Love - EDX Remix / Radio Edit,Sam Feldt,0.677,0.665
7lfiw21G0E3Fqqjs6s44xj,dance,Hold Your Hand,JAHKOY,0.348,0.776
57kR5SniQIbsbVoIjjOUDa,dance,You Know You Like It,DJ Snake,0.247,0.725
3Iclavl4484QX9NbQaBMYK,dancehall,She can't wait,Demarco,0.88,0.771
4RdUpI3iTwqzCQe9ttKB5Q,dancehall,Other Side of Love,Sean Paul,0.261,0.793
3YlkOxWW57K0OpL7ZVVGqj,dancehall,Beautiful Onyinye,P-Square,0.896,0.793
53a8WmHKKrxhDiBRGqDlgV,dancehall,That Day Will Come,Capleton,0.916,0.837
4Kty4Y6S4DskNQkTJSI7JJ,dancehall,Luv Me Girl,Mavado,0.333,0.71
4t1OtTkHPrHfJyDC0fApCQ,death-metal,Opening of the Mouth,Nile,0.0368,0.958
7tvZiDC7DiOPfvBnQo2frT,death-metal,Individual Thought Patterns,Death,0.228,0.988
1iQ4OziamcH0eX64c7MmNY,death-metal,Blood Eagle,Amon Amarth,0.268,0.974
6VqU0I8OvuB7jq4T4xEJez,death-metal,Descend Into Depravity,Dying Fetus,0.43,0.873
1weevptDArxQeafoYavv6v,death-metal,The Jesters Dance,In Flames,0.429,0.937
1xqjLdtB558KjSo7zvOXua,deep-house,Stay,Henry Krinkle,0.0763,0.494
5daYzFYr63Mk4sz7c92PAK,deep-house,You - Steffi Remix,Bicep,0.48,0.817
7peWLxjpGsbYjYP3OtKaXj,deep-house,Everything You Never Had (We Had It All) [feat. Andreya Triana],Breach,0.747,0.869
7hrDA2n8BVGLyHra0rBiFd,deep-house,Younger - Kygo Remix,Seinabo Sey,0.645,0.489
3Lai9DtLigm0h1oB7WhtUM,deep-house,Nothing Lasts Forever - Deep Club Mix,Tom Novy,0.164,0.614
1phWonB4eR5Juj1hrxgSXY,detroit-techno,Crackdown,Psyche,0.395,0.895
33Cj5VwTz9vpQqYW6C2CQd,detroit-techno,Milky Way,Model 500,0.568,0.869
5pG4I4SQfgGoZK9Clnz8v2,detroit-techno,On & On,Aril Brikha,0.373,0.841
0bI4V8H3eFSiDd3vUELTxE,detroit-techno,Rock To The Beat,Various Artists,0.508,0.689
5f9YwX8sOrbEtJ60IVBwAE,detroit-techno,On The Run,Moodymann,0.115,0.238
1nl09AjkuO7BBRF3BFAPsC,disco,Man in the Mirror - Remastered Version,Michael Jackson,0.264,0.813
2kBpsXKH2hCUDslEcvS0FK,disco,Don’t Stop The Party,Black Eyed Peas,0.72,0.746
5IWmU2PNimgYuTLddU2DRo,disco,Payphone,Maroon 5,0.556,0.744
7saZkffivQWqMz4oJe2d8k,disco,Love Hangover - Extended Alternate Version,Diana Ross,0.813,0.77
6D5pfooPP6hi99RaXjkDsP,disco,Summertime Sadness [Lana Del Rey vs. Cedric Gervais] - Cedric Gervais Remix,Lana Del Rey,0.114,0.813
2yi7HZrBOC4bMUSTcs4VK6,disney,"Do You Want to Build a Snowman? - From ""Frozen""/Soundtrack Version",Various Artists,0.166,0.121
3TcL0dyCMyr0kyTTc4NLgI,disney,Who Says,Selena Gomez & The Scene,0.744,0.927
2BZjNqu5mh47hdgq3Ow89n,disney,Dois Mundos (Two Worlds) - Edited,Various Artists,0.467,0.863
5mGI9cWHzNHGZG8RhzorWT,disney,We're All In This Together (Graduation Mix),High School Musical Cast,0.352,0.633
75a5fcQSduYyC93gXtgGhk,disney,Like Me,Various Artists,0.715,0.874
66sJkFFiyzm6dNg4MwySh0,drum-and-bass,Just Hold On,Camo & Krooked,0.291,0.992
3VPBqHUd17ZvEgabW9ZOUU,drum-and-bass,Ghost Assassin - Original Mix,Maduk,0.0798,0.923
53wlp8WZNCN4y4hz6LLwo8,drum-and-bass,Stories Can Wait - Original Mix,Submatik,0.298,0.849
0268MGXklaXKxAzN7OVZKX,drum-and-bass,Music Club,Chase & Status,0.368,0.942
5YBD6z33SdRjkDnNZLszHm,drum-and-bass,Born Again - Serial Killaz Mix,Rebel MC,0.793,0.94
7lftiY4q9jSBT1hPnwF2u5,dub,What Is Light? Where Is Laughter? (Skrillex Remix),Twin Atlantic,0.392,0.987
2jg42sFLPNhRZw3Cpb7tJ1,dub,Run For Cover (Instrumental Mix),CAZZETTE,0.175,0.746
0bFu1acVz49Y65ll0Fjred,dub,Seven Figure Swagger - Bar9 Rmx feat. Bar9,Foreign Beggars,0.0539,0.761
2Ee6aygbYBgjaAHauRPhvq,dub,Casablanca,Borgore,0.161,0.861
7mfI0rEPa99nLFyzr3Y9J0,dub,Ninur - Original Mix,Savant,0.544,0.907
3H25APFLbS8WnpcaTnKWnu,dubstep,Call Your Girlfriend - Feed Me Remix,Robyn,0.597,0.88
7ukoJwCNcdWagJp7pUdzTc,dubstep,Corner Of A Dark Room,Magnetic Man,0.027,0.957
7GL5G29n4eFF09RItmTW0C,dubstep,Alive - Pegboard Nerds Remix,Krewella,0.171,0.877
1bq55XhD67kXC3dBIrcwkK,dubstep,Its Bigger Than Hip Hop UK (Full Vocal Mix Explicit),WTF,0.222,0.974
34o2xJAVNTzoYN0o2Sd6sW,dubstep,Big Boss,Doctor P,0.0267,0.983
0cDtZgxBNJBmupoz5v84V6,edm,In The Horizon - Radio Edit,Various Artists,0.0841,0.957
4HRhCGyBhUSP9FIPvokPNL,edm,Dynamo,Various Artists,0.0866,0.906
76Qwq652kO20NZFjU4Ma8D,edm,Kuaga,Pierce Fulton,0.493,0.912
78upcMhaz0KEaZWGOsQzg0,edm,B4 the Dual,Benga,0.177,0.68
5kC6r4q71XMzsuLAYesseb,edm,You - Tiësto vs. Twoloud Radio Edit,Galantis,0.0936,0.918
5W9OWL9fs1FnTVuVJpjOV4,electro,Decisions,Borgore,0.558,0.911
6lUY6MoqGgPnA27PHYxem5,electro,Bulletproof,La Roux,0.682,0.882
66e6O0B9GmSRNAnzB0Bm74,electro,Heartbeats,The Knife,0.447,0.751
5BfleIMgLlfeqG5yqKyHz0,electro,Rattle - Original Mix,Various Artists,0.542,0.956
3LCS3m0N3rHiomapk8VQ5a,electro,We No Speak Americano - Original,Various Artists,0.474,0.693
25nzKGDiua1lE9Qo5V19GL,electronic,Young Blood,The Naked And Famous,0.358,0.865
4cDzTh5UFJyUrVbBhvYpXM,electronic,Mountain,Gold Panda,0.104,0.734
4IJUO9cdEvsHVDk52UZVHr,electronic,We Swarm,The Glitch Mob,0.395,0.783
5pn8UtwJ4udgSPxOQmLjMI,electronic,NE1BUTU,Scuba,0.107,0.976
7iSlMHJZrETQHufDAKtM2A,electronic,Dionysian,Mister Lies,0.142,0.615
0HYx8SZcAyckuMRJOra30w,emo,Ultimate Steve,The World Is A Beautiful Place & I Am No Longer Afraid To Die,0.103,0.706
1eE035iL7Kmk8Ukj8AQiaX,emo,Black Cat,Mayday Parade,0.701,0.909
0f68jFgJkvcBpj8kobLBmW,emo,Mass Pike,The Get Up Kids,0.813,0.905
6hqt1z34Oz0OZtSfy62OFD,emo,The Hell Song,Sum 41,0.658,0.935
4v42Fw0y5wOPCXTcW1BbGa,emo,Damn Regret,The Red Jumpsuit Apparatus,0.517,0.91
6w1WA0BzrAoj5mfcs2zJlV,folk,Tickle Me Pink,Johnny Flynn,0.488,0.634
5frAZu6tdWC8tR9kbUJjij,folk,Made By Maid,Laura Marling,0.325,0.0807
2qppEPX84bYQmgBjCeF8FO,folk,Love Is All,The Tallest Man On Earth,0.354,0.254
0fE1NThblS3w2eVu13XY31,folk,Against The Grain,Hudson and Troop,0.674,0.614
5wLBkpEwHIlNZJaeh0s7bR,folk,Hello My Old Heart,The Oh Hellos,0.297,0.299
5u8vhCaxI2B5coBtRJtBrp,forro,Versos Sinceros,Baião D4 / Rastapé,0.806,0.617
1YN9a33L6d14qkK9MYJmsq,forro,Forró de Tóquio,Falamansa,0.875,0.613
3N3JNcD0Jr5GZNMfhe01f3,forro,Cachaça Eu Te Amo,Bonde do Forró,0.89,0.85
59JveLo6fZNOY0qWytL7qd,forro,Língua de Jacaré,Baião D4 / Rastapé,0.833,0.809
6IILhT336VZJ9iE0mfuW9n,forro,Entre Tapas e Beijos (Ao Vivo),Banda Calypso,0.936,0.763
54gCwVD0HiU7Hoj95cbw7u,french,Mourir d'aimer,Charles Aznavour,0.339,0.369
3ZkYdmRf0nIPkEP74oWJUm,french,La nuit d'octobre,Serge Gainsbourg,0.777,0.57
7yfTZqfc7KVNvfmcYdcE4R,french,La vie ne m'apprend rien,Daniel Balavoine,0.143,0.44
2UE1LplKFZwAQmDOMd2I5n,french,La chanson des vieux amants,Jacques Brel,0.231,0.26
6cc1eKWOkgIFbnYUjbHvh3,french,D'aventures en aventures,Serge Lama,0.552,0.315
4XsH9zBWPOCdXoH9ZDdS8r,funk,Superfly,Curtis Mayfield,0.748,0.708
7b8s4Z0abQQ4x4jpct4GjR,funk,Cissy Strut,The Meters,0.709,0.799
2INsiycUgobLSy4ksO4MzK,funk,Paint The Toon (feat. Connie Lush),6ix Toys,0.902,0.967
4Gg7js0Xz6yvnTc3QkWkTu,funk,Shake Your Rump To The Funk,The Bar-Kays,0.784,0.907
4dwrL3Z5U2RZ6MZiKE2PgL,funk,Superstition,Stevie Wonder,0.863,0.751
7ki4CTazWzEFSQB7dXY172,garage,The Bag I'm In,Ty Segall Band,0.385,0.69
1eHxtnM4GfNbutadTb3UBC,garage,Awesome Rumble,Various Artists,0.892,0.879
4t0UsYzmmmZRMTWn77jiGF,garage,Show Me Love,Robin S,0.567,0.833
2UE4m8egf0aREmOi47sDOk,garage,Next Girl,The Black Keys,0.255,0.748
1dsdmblZO8CQN6mFtROzY3,garage,Never Again,Submerse,0.272,0.702
4mNtvDIWn5CCOojVZVXqwC,german,Ich kann alles sehen,Tim Bendzko,0.591,0.491
01C6oknRM4lN0W9KXy6r26,german,Everything at Once,Lenka,0.842,0.484
0e298tO6RF5fVPtzyMzofc,german,230409,Casper,0.582,0.769
3FEhbAkm1Dy21UvhbYhFM3,german,Das Beste,Silbermond,0.314,0.401
4BfjFFeMHFNWGoDlWyrUO9,gospel,I Can't Hold It,Byron Cage,0.516,0.993
7AnI6OgwRzwEJrBcMM8x7n,gospel,I Need Your Glory,Earnest Pugh,0.513,0.77
70UkICEyDVChurEvdj081P,gospel,Through the Storm,Yolanda Adams,0.188,0.304
2FUIdYFqRt8IADgYVgXFMa,gospel,Speak To Me,Mary Mary,0.273,0.395
3CcFEkEaP3FStLKRGtoTLl,gospel,The Blood Will Never Lose It's Power - Live,Smokie Norful,0.515,0.737
65EpWkp6dcLzdLk8mbOaOr,goth,Bare Grace Misery,Nightwish,0.471,0.908
7y3nUpTJUlXcA6gKq71yN2,goth,Comalies,Lacuna Coil,0.188,0.739
38hrsxiPLBzgVgDnOKkQKd,goth,More,Sisters of Mercy,0.354,0.449
5YpTWrxJ86Po4DIx7rQjCM,goth,Der Tanz Der Schatten,Theatre Of Tragedy,0.304,0.833
4JaGzRAZdv6Qj3qGbpKxAp,goth,Die Alive,Tarja,0.364,0.969
3VJuHwQWhNjDcKvW7ahahj,grindcore,Impressions,Napalm Death,0.163,0.789
4JMZI6pr1FAthLME7Q0Rp0,grindcore,Love It or Leave It,Misery Index,0.488,0.929
4k7rhLJmiOYsPVtMH9RUVL,grindcore,Druggernaut Jug Fuck,Agoraphobic Nosebleed,0.0576,0.98
0WtIO6NjlYGjPB06NSd016,grindcore,Condemned System,Terrorizer,0.0529,0.98
2FvgRrAet5hKtvfYo21ajC,grindcore,The New Firing-Squad,Nasum,0.193,0.97
5tMHL3jkrbSIuJwwggTdC1,groove,These Arms of Mine,Otis Redding,0.711,0.286
2N5x1dQUiWbgHBGDz9P6lr,groove,Love and Happiness,Al Green,0.736,0.412
29Uf1hxqLNagVglWi3VPIF,groove,Sexual Healing,Marvin Gaye,0.729,0.554
4b3koZFePW7UbUvIiD1Uz5,groove,Stayin' Alive,Various Artists,0.962,0.821
3zsFfaE3kejF0wUb638hix,groove,You Dropped a Bomb On Me,Various Artists,0.888,0.735
6rBgysDXImbq8b61tzVWSn,grunge,High and Dry,Radiohead,0.352,0.383
1nFtiJxYdhtFfFtfXBv06s,grunge,Something In The Way,Nirvana,0.0668,0.201
7kuaH9vJpHTE1mQC0QoMhY,grunge,Change,Candlebox,0.429,0.817
3ZPTb9HHBRt2VDbsIUFnSD,grunge,Shine,Collective Soul,0.353,0.423
6yHCP0UXiKut6hlbsm8f5F,grunge,Mouth,Bush,0.373,0.535
5tmrnhMxx39jnu3kjopMdP,guitar,Evil Ways,Santana,0.73,0.528
2tbdjsdJ9xtyunKnZBkGxF,guitar,Father And Son,Yusuf / Cat Stevens,0.407,0.343
54CJqOVORsJg6NU5zn6cio,guitar,Andalusia,Joe Satriani,0.217,0.838
1UwmAuMxSsfFqJksjujTrz,guitar,Peace Frog - New Stereo Mix,The Doors,0.659,0.565
4hlkZvdhNtzzU9EVHLEkM6,guitar,Klimbim,Don Ross,0.71,0.448
6vrUTGn5p8IrfTZ0J6sIVM,happy,Iris,The Goo Goo Dolls,0.513,0.79
6vvYOBxKmCvUSEQgxdZiAq,happy,Lovefool - Radio Edit,The Cardigans,0.937,0.688
5rb9QrpfcKFHM1EUbSIurX,happy,Yeah! (feat. Lil Jon & Ludacris),Usher,0.583,0.791
2rgqPSIRAfaO2MGo9smdSX,happy,Dancing Queen,ABBA,0.71,0.933
33e9HtOfO1ye1h8xQ7Foc9,happy,The Cave,Mumford & Sons,0.345,0.499
57ebBLITHpRgRKGrlbxMZS,hard-rock,Faithfully,Journey,0.252,0.644
134daqGJfYmvD7VavPUCWb,hard-rock,Locomotive Breath - 2001 Remaster,Jethro Tull,0.302,0.569
3RVg6RZvfOLrw4pqjVNbQr,hard-rock,To Hell and Back,Sabaton,0.305,0.849
3QwuR2BuGsW4bC3P3cnpIN,hard-rock,Crazy,Aerosmith,0.453,0.814
0eFvoRSTTaR2q8bSWVjwfp,hard-rock,Welcome To The Jungle,Guns N' Roses,0.327,0.978
2L47ycvfBMJFzI5dmCmWmq,hardcore,Operation,Circle Jerks,0.778,0.92
63ISXOWS5gmluVZabtaEzF,hardcore,Fix Me,Black Flag,0.491,0.89
50vJ1t2XmH065euE1TM27k,hardcore,Always the Hard Way,Terror,0.371,0.988
6LFuNuo5tixQyi414xrinC,hardcore,Can't Go Back,Descendents,0.695,0.772
480eugcT7xJDUtIX5L3wrB,hardcore,Urban Savages,Reagan Youth,0.543,0.6
5ptkEtEAuvPZoz2WrbP1cT,hardstyle,Night After Night - Zany Radio Edit,Noisecontrollers,0.153,0.954
6cHDbFRk323AWqdAkLot8F,hardstyle,This Is Who We Are - Original Edit,The Pitcher,0.312,0.858
1kyyBJps7EKCNL0MNQ0tDr,hardstyle,Timeless - DJ Mix,Wildstylez,0.175,0.925
1XVlKG1PDxu1LL2Op2TD5p,hardstyle,If You Find - Radio Edit,Frontliner,0.143,0.976
6YyheKQwKEkGtZPHC49JxM,hardstyle,Lessons In Love - Headhunterz Remix Radio Edit,Kaskade,0.6,0.893
6hLrlyozgBK6NPOsURddeW,heavy-metal,Black Ninja,Battle Beast,0.479,0.951
2nCnxiOKAlW19csZ70aDCn,heavy-metal,The Serpentine Offering,Dimmu Borgir,0.0784,0.955
1YIVbE8Z0d9eK8PCaVjq7I,heavy-metal,Lost To Apathy,Dark Tranquillity,0.148,0.965
1cnA8Zf6McVyoWTr8xf0Ml,heavy-metal,Stargazer,Rainbow,0.476,0.948
0B6uxTg34PpMBFhA4fKsAU,heavy-metal,Fury Of The Storm,DragonForce,0.197,0.911
1ID1QFSNNxi0hiZCNcwjUC,hip-hop,Legend,Drake,0.31,0.563
5jG3djnKEjdcJwidjYWtxL,hip-hop,Eazy-er Said Than Dunn,Eazy-E,0.747,0.818
1EiLrPd8JMTcQUr1aLEUKi,hip-hop,Work,Gang Starr,0.814,0.832
6Zm6fxOVPzyArjrNPx9LRe,hip-hop,Tomorrow 'Til Infinity (feat. Gunna),Young Thug,0.283,0.516
6mapJIPnQ23RTAevUoE0DL,hip-hop,Swang,Rae Sremmurd,0.166,0.314
5KH8Bn8PLlJK1tgylE3oK9,holidays,When a Child Is Born,Johnny Mathis,0.272,0.255
0lLdorYw7lVrJydTINhWdI,holidays,It's Beginning to Look a Lot like Christmas,Michael Bublé,0.363,0.214
0KWdeiXhPKY3VEY56jA238,holidays,When My Heart Finds Christmas,"Harry Connick, Jr.",0.104,0.188
2m4lvM8pTsQdii4Pi5Z2Yf,holidays,April Snow,Various Artists,0.265,0.255
5Qr5nsjNCxi9zGyP56BBnn,holidays,The Christmas Song,Various Artists,0.265,0.144
5HGibWoxnkYSkl6mHmAlOE,honky-tonk,That's My Kind Of Night,Luke Bryan,0.875,0.751
5cQIrML7iJEUsOCNsHqWlB,honky-tonk,All About Tonight,Blake Shelton,0.856,0.943
3xzoXqypESowMIDPX760Ds,honky-tonk,Drive (For Daddy Gene),Alan Jackson,0.475,0.61
5MpasvxaXu6wJEMhyh8pDt,honky-tonk,As Soon As I Hang Up The Phone - Single Version,Loretta Lynn,0.434,0.336
4Q1ohVGxQgvvxlFjDQQnPz,honky-tonk,You're Gonna Miss Me When I'm Gone,Brooks & Dunn,0.448,0.653
1UPyhGntpIx9jGJ5UVtKVS,house,Call Me A Spaceman - Radio Edit,Hardwell,0.35,0.877
4oxi4THAaIzqtlazBV06uP,house,Camorra - Original Mix,Nicky Romero,0.209,0.848
0FtASn2bSCRjqD5X4x285e,house,Feel The Vibe,Axwell,0.818,0.846
3HhGKFhUHt87EQKkawKeB8,house,Moombah - Afrojack Remix,Various Artists,0.358,0.797
5Muk08hnvAKtf0MDHqIq5j,house,Hold On - Sub Focus Remix,Various Artists,0.0393,0.931
5PXVqfaB4JOQoWYLzrwVRq,idm,Slice,µ-Ziq,0.518,0.783
6O5ovLZh4Vj92nWB2OE3lt,idm,Porc #2,Moderat,0.73,0.849
21lHqykRsmecttHNAfGk4C,idm,A Drifting Up,Jon Hopkins,0.256,0.507
3MtXPqKTTeDduI24TNveKF,idm,Gyroscope,Boards of Canada,0.409,0.722
4pdhI6RaBHDealxeBiTZuD,idm,Deauville,Arovane,0.0551,0.334
1k21KAedv6hoz3pq0XPk6N,indian,Laila O Laila - Qurbani / Suondtrack Version,Various Artists,0.808,0.537
5MmFm0Fj08aYbrxyqAbSgY,indian,"Tu Hi Hai Aashiqui - From ""Dishkiyaoon""",Arijit Singh,0.225,0.553
2E6TVCSNzkkUevjfL5fQeI,indian,,Various Artists,0.526,0.7
6M2UnI1LnXuXlWU54CKmKx,indian,Jaane Kyun,Vishal-Shekhar,0.791,0.812
4zpz7Aqe5YM637mlKWyyu2,indian,Noorie,Various Artists,0.503,0.459
0AJhcuRl3i1FfPNr88ZScv,indie,You're in Love with a Psycho,Kasabian,0.711,0.805
3USei2Ja58VV6yOypYNjfN,indie,The Girl,City and Colour,0.179,0.539
7xSIYgB6KVCQNmKVVFwSkM,indie,Every Single Thing,HOMESHAKE,0.328,0.261
3OsUjkcv1C1v5udFhgRSFg,indie,Airbag,Radiohead,0.648,0.872
2bbhyUWJ5VjdfI3P4PRLu2,indie,Samson,Regina Spektor,0.184,0.193
2xxMXbsjhqPzTYAclUOQlI,indie-pop,Forgive & Forget,The Kooks,0.693,0.913
2mkv1b3dRFyiJ4Ybq31owf,indie-pop,Hunger of the Pine,alt-J,0.0741,0.413
4N42ow0h4JoK68OQwOzsQn,indie-pop,Love Will Tear Us Apart,New Order,0.908,0.921
4eACecQhCB5NxFfGjfmIXI,indie-pop,R U Mine?,Arctic Monkeys,0.679,0.785
3ctoHckjyd13eBi2IDw2Ip,indie-pop,Seven Nation Army,The White Stripes,0.309,0.462
5Bm233m8x8Y2tGTAWJn3un,industrial,Testure,Skinny Puppy,0.873,0.975
4hU4xH9wKHssXSe282FkK3,industrial,Resist,Front Line Assembly,0.475,0.873
3F9kV8MiHSbtqo4Srkhw8n,industrial,I Sit On Acid - Original; 2002 Remastered Version,Lords Of Acid,0.536,0.959
1J6T9GXhp9clj7YnwuQfNu,industrial,Sweet & Salty,Covenant,0.0351,0.931
7oI8v7Y0E1RQRvtv8zvPaC,industrial,La Mer,Nine Inch Nails,0.279,0.463
0KPcNY7Jg5DW0wL9b0FMIl,iranian,Man - O - To,Googoosh,0.682,0.458
3sBXcokjgSvh82urwluRnQ,iranian,Jazireh,Siavash Ghomayshi,0.675,0.668
6wjFSkROYAivqOMYmAqgcy,iranian,Donya (feat. Shaggy) - Single Version,Arash,0.898,0.896
65Pd5JH0PmdwcfHHNi1EqV,iranian,Dokhtare Kordi,Various Artists,0.915,0.951
4DJGskERwUjNvdsUFIc1T1,iranian,Eshghe Aatashi,Mansour,0.794,0.819
0UOuIzqiiOXvDniatsUNsP,j-dance,オードリー,WEDNESDAY CAMPANELLA,0.66,0.818
5btp2hNzCWB4teh8NjkT4a,j-dance,Alive or Fallen,MYNAME,0.677,0.933
24KTHB40Se4huewCfX9pzI,j-dance,GARBAGE,lecca,0.78,0.89
4s1yOhfM3hh3eXLURUhA4U,j-dance,Shadyman,The Hotpantz,0.681,0.821
3wDxEDXi63oamalJGovYCb,j-dance,"Love the past, Play the future",CTS,0.414,0.956
2tW8UF8uqlSFLadiUIuBCp,j-idol,太陽と心臓,Idolrenaissance,0.736,0.895
3qSSbFffKmzkTr6nTuFRio,j-idol,アイドル,ミオヤマザキ feat. 100人のアイドル,0.213,0.963
43bJnN3QrN8CKOdn9KvdBV,j-idol,ワナダンス!,Tomato N' Pine,0.912,0.754
39GETtteH1zvN7TOLG4tC7,j-idol,深い森,Eir Aoi,0.395,0.678
0vc0GhgZqtZ2v6WZX0hc7X,j-idol,Never ever - TJO & YUSUKE from BLU-SWING Remix,Tokyo Girls' Style,0.334,0.693
2OLV7QCVRqnQy62hWb1eUf,j-pop,Dangerous Gamble,AAA,0.967,0.8
5yQFwnNHl9bXBaKjaydOoT,j-pop,Lotta Love - THE SUITBOYS Remix,THE SUITBOYS A.K.A. ☆TAKU TAKAHASHI,0.594,0.927
54qIfrTaQOFpCrxcvJg8Mf,j-pop,Fighter,KANA-BOON,0.189,0.966
0OntSIG60uMuwIslOBibjS,j-pop,あしたいろ,Rei Yasuda,0.384,0.643
6XH7qz2yhSP1pb31FwBfRB,j-pop,借金大王,Ulfuls,0.851,0.976
6r6hMT6KRvAvxayJXsEb21,j-rock,Ash Like Snow,the brilliant green,0.195,0.957
0ow1hKkd021nDBZlKj8EoD,j-rock,Astra Nova,androp,0.161,0.553
0QKKwvhbT73URnlZfeR4Dx,j-rock,HITSUJI SAVE ME,misokkasu,0.481,0.973
6APkkcwcCqeU1dFCpqGqXx,j-rock,孤独旋回,downy,0.244,0.963
0aOsN4s79cU3m2dQoRk48s,j-rock,Progress,SHADOWS,0.284,0.766
2plqXe2wauMgMHQLSDwWBD,jazz,Everything Is Changing,Groove Collective,0.918,0.934
0WPHL9IRv1Nm4xu21qxgnw,jazz,My Little Brown Book,Duke Ellington,0.232,0.0814
0m8tSPLHhjhGToD6LW0RPp,jazz,Windows,Chick Corea,0.468,0.344
7yKic0Gqsk4SGNJl4wyJAm,jazz,Someone To Watch Over Me,Sarah Vaughan,0.106,0.258
5cO1oGqX8S2w96CwISPlLE,jazz,Maple Leaf Rag,Scott Joplin,0.808,0.244
3E1E0U8jQ9kryseD60Tx0i,k-pop,Loanna,Yiruma,0.0872,0.181
6FpGiWJHMs78QGzVAjNOlw,k-pop,Blue,BIGBANG,0.336,0.723
5ho7Qp4IDMane2OugQYeWN,k-pop,Star,Jay Park,0.118,0.612
78hrSM8bnWQ8j3BTNViKiR,k-pop,Oh Wa,Park Hee-jin,0.861,0.887
4N3MSYbo51tIF3yMjHALtR,k-pop,다른 누구도 아닌 너에게,Jang Jane,0.407,0.783
42Yjw5KEY2vJBkcCQh5S22,kids,Going On A Bear Hunt,Susie Tallman,0.928,0.68
1mHHHsnQ9XQsCf1qMEqH37,kids,Does Your Chewing Gum Lose Its Flavor On The Bedpost Overnight?,The Re-Bops,0.967,0.531
5EbIR8MiNcNZ7RLV3bMMJE,kids,Seven is the New 14,The Sippy Cups,0.76,0.568
6ZfHhdvi9zOxkShVzzzUJB,kids,"Twinkle, Twinkle Little Star",Dora The Explorer,0.623,0.632
5dl8WFCxndWZlsDXuzT00p,kids,"The Best Day Ever (with Sandy, Mr. Krabs, Plankton & Patrick)",Spongebob Squarepants,0.591,0.711
3x9gN89nlVEX4ApABJIzWn,latin,Bella Señora,Emmanuel,0.946,0.824
1R8FUoJjGt0YUzHFvrQ46E,latin,Calle Luna Calle Sol,Willie Colón,0.877,0.6
3yb8pakJMZzfiK7siLZLUM,latin,A Donde Vayas,Los Bukis,0.265,0.506
0woHVOh3KXLSDv8VU9XwZ4,latin,Suena El Dembow,Joey Montana,0.728,0.856
62qI8m0sXpzlSjYYx0nZ83,latin,Si No Te Hubieras Ido,Marco Antonio Solís,0.455,0.551
6ym5mysjGMujM1evgCOBcE,latino,Tranquila,J Balvin,0.691,0.677
4OyzSXRSadNQt5EMwASdap,latino,Todo Cambió,Camila,0.363,0.523
6QzQMCJFaN6LGLHuqN9yat,latino,Entre Dos Tierras - 2000 Remastered Version,Heroes Del Silencio,0.43,0.88
1CqPzQJ64nkRpHmPdqRl9R,latino,Mujer de Piedra,Gerardo Ortiz,0.969,0.489
0lff0IjgOLnMpsqWFrj9Hy,latino,Besas Tan Bien,Farruko,0.514,0.812
0Ft1PkBZ7LMgv5utUdMcy8,malay,Sudahi Perih Ini,D’MASIV,0.179,0.545
5TbePlmyX3nKD8LP9djCKu,malay,Menanti Di Ambang Syurga,Datuk Ahmad Jais,0.437,0.213
7tPSJSj5ZW3tBuAz5kFxKp,malay,Warisan,Dato' Sudirman,0.256,0.553
3vBTh7cS9Ws5XMseuLhXCA,malay,Belaian Jiwa,Innuendo,0.0748,0.358
2BNs2roiKvfXMzBDOfXQHb,malay,Sembilu,Ella,0.136,0.552
4pd8DTOyrwXGZKDScFpFuQ,mandopop,最親愛的你,Christine Fan,0.375,0.407
3vScs4gAokbNHHsBzBl3Bm,mandopop,心跳,Leehom Wang,0.221,0.498
6igeE04s38QbNX5nvGOxk2,mandopop,別問我是誰 (國),Linda Wong,0.0759,0.311
3U03WqeRZnEzlOV7fSA0vp,mandopop,不敗的戀人,Vivian Hsu,0.653,0.774
4GwEeSaXgqEozZv1cZ778l,mandopop,Marry Me,Jam Hsiao,0.366,0.561
0QRxtcxL31dRAeiUUuENPu,metal,Territory,Sepultura,0.303,0.946
2cLP3ysj6Al847SDOSuEqo,metal,King,Eluveitie,0.133,0.986
1KmvBtP8pDb5CnKVmbwx2p,metal,No More Regrets,Arch Enemy,0.184,0.967
67JcIsAxt2NKL1q9depQTP,metal,Still Loving You,Scorpions,0.11,0.536
6DPZmWcljW3XCfMNlnqy9r,metal,Heaven and Hell,Various Artists,0.318,0.529
1L6KRFCqkFkhutZTT68RhS,metal-misc,Death And The Labyrinth,At The Gates,0.514,0.97
0z09OVa4ZNJ4oQydl9XolX,metal-misc,Adrenalize,In This Moment,0.43,0.96
0PLUzbu0ST6IOSgtUknxWV,metal-misc,Fear of the Dark,Iron Maiden,0.236,0.813
1oDATX0oMlqu03e3pclagF,metal-misc,Feed My Frankenstein,Alice Cooper,0.373,0.914
5MZrOnwTMwnUqAMxTNnV7t,metal-misc,Heaven Nor Hell,Volbeat,0.672,0.768
2uKw5IbOMkdv7Nsa7PeCLY,metalcore,JOHN DEUX TROIS,Of Mice & Men,0.238,0.975
5TJP0E4orc0SeUsuNEwFLA,metalcore,Shed Your Soul,"Oh, Sleeper",0.0395,0.958
78qVg5cD8nlehgyw6RRMES,metalcore,Mothership - demo,Enter Shikari,0.221,0.921
3hTHzFxwX5kA23gGYk6bDL,metalcore,You Call That A Knife? This Is A Knife!,Capture,0.118,0.971
4ywZ7mVmlme6sq5O8vU00V,metalcore,"Present, Future, And Past",We Came As Romans,0.0641,0.997
1MStD9BL45z43DfhBVU1dr,minimal-techno,Smash (Live Version Remastered),Gabriel Ananda,0.167,0.9
21QETAz80s77bJizVI898k,minimal-techno,Open The Watergate - Original Mix,Various Artists,0.276,0.465
0ILPyzPx7uyoAQ48iAixih,minimal-techno,Workaholic,Alesso,0.0948,0.586
00tpjYMWzqC1W3pR7KLyHI,minimal-techno,Cloud Dancer - Manuel Tur´s Syphon Drum Mix,Solomun,0.228,0.605
33xGYW5RWDis3WUhX2xtdb,minimal-techno,House Of God - Phonique Remix,Various Artists,0.18,0.716
2SGa3eKYVadfZ22PSKU4YK,movies,Am I Not Merciful?,The Lyndhurst Orchestra,0.0373,0.0809
1xPec5BN0Zxv77zrWKq43S,movies,"The Son of Flynn - From ""TRON: Legacy""/Score",Daft Punk,0.0222,0.775
0moS6k1E4YNbkG4Dxet8ZH,movies,Gotta Go My Own Way,Various Artists,0.264,0.69
0kjFrdKtGNcYGzxFjxn978,movies,From Now On,Various Artists,0.321,0.905
6o5hO7mYLuRgoZCpUAgymP,movies,"Rhythm Of The Night - From ""Moulin Rouge"" Soundtrack",Various Artists,0.761,0.899
7dVM050hhGk6BB9uV9XRhL,mpb,Adoração,Filipe Catto,0.448,0.537
3ChbhkvPElStqO8Rp44yYR,mpb,Já Não Somos Dois,Djavan,0.717,0.508
2QfTbUxTuKv8Rf9bTrRAgL,mpb,Revendo Amigos,Thais Gulin,0.761,0.542
6iKyrmuw5sd9RgGTkBLf07,mpb,Lamento Sertanejo (Forró do Dominguinhos),Maria Gadú,0.372,0.454
4kU43QcM6OAyR4oMomAbyo,mpb,Em Copacabana,Geraldo Azevedo,0.568,0.428
0bqaVNcyTlMWPCLZCeiYgC,new-age,Prayer,Secret Garden,0.1,0.218
4HiOXFuCige8AtEpeMZ56N,new-age,Madre Terra,Globus,0.207,0.558
6JyXgEjzxH0bcr8zFSwzjB,new-age,Hymn,Vangelis,0.0779,0.165
2sObpzGhytZgYw391slUrm,new-age,Sister Moon,Lisa Lynne,0.138,0.412
3WNoiK4VfbnIHw533iyDZ8,new-age,The Magic Birdcage,Troika,0.149,0.23
5PMbYk8qnxHk11VC8vKsF3,new-release,Death Row,Jimi Charles Moody,0.474,0.353
2khqMJ0UmmTCgiIjr8RhL3,new-release,Dancing On Glass,St. Lucia,0.356,0.939
7kD0Y5jtaX8zIsYHyxRNKW,new-release,Lost And Found,Ellie Goulding,0.636,0.827
5DNiREaQ1nrgi7Ckf8kuMP,new-release,Infinite High,Panama Wedding,0.875,0.882
4AZVyZIcNwRov50o2s1c0i,new-release,Magic Hour,Aoife O'Donovan,0.478,0.459
6onVtBLxZpq4cwMa3fUMJs,opera,Moonlight Sonata: Adagio Sostenuto,Ludwig van Beethoven,0.127,0.00153
3mMOZtkEvm7aefBKFFBDpw,opera,Jenufa / Act 1: Prelude,Leoš Janáček,0.0357,0.0759
1V2GIpEF9spLDRlJIWv7qm,opera,"Il Pirata, Act I: Sorgete...Lo sognai ferito... - 1992 Remastered Version",Montserrat Caballé,0.0872,0.0842
1PGd3VCDLDezo5EIdnjC53,opera,"Catalani: La Wally, Act 1: ""Ebben? Andrò sola e lontana"" (Wally)",Various Artists,0.0404,0.134
0f7Fj7A7gXAlWlkHpmai0j,opera,La Prima Volta (First Time Ever I Saw Your Face),Paul Potts,0.0386,0.244
21kcfuLCJN7zmUnLBabaBp,pagode,Bicho Feroz,Bezerra Da Silva,0.964,0.718
4u3nCNIv4oHGJNchrvNph3,pagode,Até o Amanhecer,Os Travessos,0.701,0.786
3sk4xloP0wYygVJUb1Q26A,pagode,Meu Sorriso,Péricles,0.567,0.792
3zBlkrcLoGqI9ROqynEuQM,pagode,Camisa 10 - Ao Vivo,Turma do Pagode,0.942,0.777
4jlJc0qxKga1QNUXpCD2z8,pagode,O Mundo Dá Voltas,Rodriguinho,0.872,0.803
3cSuhzV7wKX5diQ8hos78P,party,Steady Mobbin,Young Money,0.697,0.691
77NNZQSqzLNqh2A9JhLRkg,party,Don't Stop Believin',Journey,0.472,0.802
7n6ibfsRHhCb1Ccl9Fg2CZ,party,Scream & Shout,will.i.am,0.473,0.616
5U8hKxSaDXB8cVeLFQjvwx,party,The Monster,Eminem,0.567,0.85
4go2hxLM6ijk0K76ZY0Nhd,party,Goldie,A$AP Rocky,0.743,0.843
4d560DBSLmj39LwHkIQP2K,philippines-opm,Kumusta Ka Aking Mahal,Jericho Rosales,0.116,0.471
5vEF5fQwKsRooo2ezbeHD6,philippines-opm,Ina,Freddie Aguilar,0.193,0.488
5zMR44ZH4KVZj4FlhTj3SE,philippines-opm,Magbalik,Callalily,0.34,0.556
5gqydcgRceZCwBL5miJ1tB,philippines-opm,Hanggang Kailan,Martin Nievera,0.118,0.382
51QIgDtWouT3pHz3p3dTgv,philippines-opm,Can This Be Love,Sarah Geronimo,0.329,0.443
5K0rnTmpi4V3v92fwBVevd,piano,Porcelain (Air Studios 2013),Helen Jane Long,0.0666,0.104
3XVBdLihbNbxUwZosxcGuJ,piano,If I Ain't Got You,Alicia Keys,0.166,0.444
2Ays934lHyLpXuYKYQG01V,piano,"Elegie sur des motifs du Prince Louis Ferdinand de Prusse, S168/R75",Franz Liszt,0.0394,0.0373
2p91NGZXyT7ZSJRigOH5QE,piano,Ave Maria,Various Artists,0.493,0.049
5Miaj9wRfCe3txB9tK65ck,piano,A Matter of Trust,Billy Joel,0.868,0.676
0USZx50eApN045zIIyjePN,pop,All The Time,Jeremih,0.0338,0.44
0fgZUSa7D7aVvv3GfO0A1n,pop,Post to Be (feat. Chris Brown & Jhene Aiko),Omarion,0.701,0.676
7KOlJ92bu51cltsD9KU5I7,pop,T-Shirt,Migos,0.486,0.687
7l94dyN2hX9c6wWcZQuOGJ,pop,Dangerous Woman,Ariana Grande,0.289,0.602
2Z8WuEywRWYTKe1NybPQEW,pop,Ride,Twenty One Pilots,0.566,0.713
15MJ5NThPjj6xhPcts8MiY,pop-film,"Take My Breath Away - Love Theme from ""Top Gun""",Various Artists,0.547,0.719
0uMMLry3hzWGn3q3loqMkm,pop-film,La Bamba,Los Lobos,0.868,0.764
6TOWLFJgAdn57nqJg4YiS5,pop-film,Damn It Feels Good To Be A Gangsta,Geto Boys,0.655,0.793
5oUV6yWdDM0R9Q2CizRhIt,pop-film,New Slang,The Shins,0.649,0.389
2mtVxf50BYsKNtQoz8sfzm,pop-film,Iris,Various Artists,0.497,0.715
31dJeAt20CQu4hm3IcRaMY,post-dubstep,I'll Stay,James Blake,0.71,0.707
69Ps78Xo05jr3G1oyaOWds,post-dubstep,Wonderland,Onra,0.602,0.857
3X3Xulnpf06ISF4Q3ullrW,post-dubstep,Breathe . Something/Stellar STar,Flying Lotus,0.436,0.886
6c1aMEPZZ1130DNmf9lWfX,post-dubstep,Anything,Various Artists,0.0689,0.963
13NQ17cpLr2fybZ38AkuCi,post-dubstep,Bête Noire,Hecq,0.0493,0.428
7yzTZjFPfsb6otv22JQK9w,power-pop,Girls Talk,Dave Edmunds,0.884,0.845
2LD0laiqGwpsN822SodbZp,power-pop,Timeless Melody,The La's,0.701,0.882
4EDl8arQ3lXdme9xUolTdH,power-pop,Out From Inside,Imperial Teen,0.67,0.865
1Z39z6MnZqemvR9wnFgvix,power-pop,Relator,Pete Yorn,0.801,0.816
5lFPKVEgndYUPijlDEUJkD,power-pop,Even the Oxen,Jonny Polonsky,0.438,0.873
5DRgSBfVmEj6jDqqiU0BHu,progressive-house,Finally Here - Original Mix,Sunnery James & Ryan Marciano,0.0743,0.647
0PCRR19Pf4iiuvSrPxtQ0x,progressive-house,Sunshine,David Guetta,0.219,0.8
2Xux2PBtU9HjFTFMVoJxq9,progressive-house,Now Or Never - Original Mix,Tritonal,0.371,0.862
1SS2ByUiCLAqfumWNClWKA,progressive-house,Halo,Dirty South,0.468,0.839
5qQhaJXyb8jRuMX1gyfTsj,progressive-house,S.O.T.U. - Original Mix,Nicky Romero,0.212,0.98
1ItKOq2ZnpdxiSn8gU6wIh,psych-rock,Livin' On - Original,13th Floor Elevators,0.958,0.704
5z0QLEpkbUh00SevSuYxOh,psych-rock,Divine Moments of Truth,Shpongle,0.273,0.704
5vz0OqVftYmylaYsrs3KSy,psych-rock,Servo,The Brian Jonestown Massacre,0.889,0.944
74zDRVgPXy2pNlb1Nd8xQZ,psych-rock,Action Woman,Various Artists,0.495,0.674
2gCf9PqIvpKbxwfJMBWwbn,psych-rock,Brain Damage - 2011 Remastered Version,Pink Floyd,0.207,0.265
3CilaN2rxpgFAGVyVRo0ms,punk,Forget Me Not,Brian Fallon,0.827,0.946
7mZjpi86XWnEBiu8VMR3GI,punk,For Want of,Rites of Spring,0.305,0.942
2KerlpO7VnoIiE69HUiiro,punk,Promise Everything,Basement,0.28,0.953
5jaDjvnAj5XgBcjePt5EZk,punk,"Keep in Mind, Transmogrification Is a New Technology",Mayday Parade,0.209,0.911
5TM2eqdzfWPHklI7YnBmsD,punk,Blister in the Sun - 2002 Remastered Version,Violent Femmes,0.89,0.261
3wiMXQuoTJKGl4zDE3i9vi,punk-rock,88,Sum 41,0.113,0.836
1dAwi8mPGrYOjsvMi83pBD,punk-rock,Roller Coaster,blink-182,0.694,0.95
3kaOkcdHDsWAobL8HcSui1,punk-rock,If These Sheets Were States,All Time Low,0.568,0.981
3GfOAdcoc3X5GPiiXmpBjK,punk-rock,Song 2,Blur,0.855,0.709
0ue0gFLwvXd8qZIPg35Qiu,punk-rock,Warning,Green Day,0.892,0.92
7BU87iGWeKgPk2bB687nJB,r-n-b,Stay,Goapele,0.0702,0.66
4vxm2gnST3bQer60vY1pJp,r-n-b,Smile More,Syd,0.569,0.386
6jvvpPJQJy5rMOEkLlADl6,r-n-b,Neighbors Know My Name,Trey Songz,0.391,0.693
23op9B31lF72t20r41KBtg,r-n-b,Gallery,Mario Vazquez,0.323,0.651
32TWMnseTK5gEfQSN3LkWm,r-n-b,Options,Toni Romiti,0.663,0.708
7iBSkXB0pTvZasOLf0Qxk9,rainy-day,Autumn Leaves - Deluxe Edition,Ed Sheeran,0.431,0.257
6sm95uQZuyBLEFqtcIAKz5,rainy-day,It's Raining Again,Supertramp,0.578,0.675
5sra5UY6sD658OabHL3QtI,rainy-day,Empire State of Mind (Part II) Broken Down,Alicia Keys,0.142,0.368
4Il45p5tbAZDoHeUP1aMn5,rainy-day,Come A Long Way - Remastered 2002,Simple Minds,0.708,0.915
20uM0XClhB6PYrlFrZSMsG,rainy-day,Beautiful Girl,William Fitzsimmons,0.336,0.17
17PfXZ4eYQDZPXNKSNcfck,reggae,Affairs Of The Heart,Damian Marley,0.682,0.657
5jla2fhvErKAiUHG3fnRuv,reggae,Money In My Pocket,Dennis Brown,0.964,0.45
5i7yNnwyGbRIXkwYVDjgNI,reggae,Nuh Linga,Elephant Man,0.712,0.754
44NFd0LGevT1cxH8BoPZSP,reggae,Youth Dem Cold,Richie Spice,0.83,0.706
5tzolRcy9uhUMuddsi0tiC,reggae,Champion Sound (feat. Errol Dunkley),Sizzla,0.833,0.81
7ePXFeKtDzDqkoEZOIJ600,reggaeton,Pégate Más,Dyland & Lenny,0.963,0.864
4BMB6FzHBD7QS9qKZz4llG,reggaeton,El Doctorado - Remix,Tony Dize,0.735,0.662
7untwTWxzS7WTtjUnPczSp,reggaeton,Dime,Ivy Queen,0.802,0.843
3n8Xx5sDzLP5mndtwWs4xw,reggaeton,Flow Violento,Various Artists,0.946,0.843
4yOn1TEcfsKHUJCL2h1r8I,reggaeton,Feel This Moment (feat. Christina Aguilera),Pitbull,0.531,0.758
0bVtevEgtDIeRjCJbK3Lmv,road-trip,Welcome To The Jungle,Guns N' Roses,0.331,0.954
7jtGa7FmUx7YxTbiy6tEsX,road-trip,Don't You (Forget About Me) - 2001 Remastered Version,Various Artists,0.718,0.777
0qNrKrghOyGtoXzjGBc14a,road-trip,I Won't Back Down,Tom Petty and the Heartbreakers,0.965,0.638
2dLLR6qlu5UJ5gk0dKz0h3,road-trip,Royals,Lorde,0.337,0.428
51pQ7vY7WXzxskwloaeqyj,road-trip,Stairway to Heaven - 1990 Remaster,Led Zeppelin,0.213,0.335
5IyL3XOaRPpTgxVjRIAxXU,rock,Ziggy Stardust - 2012 Remaster,David Bowie,0.509,0.554
6SpLc7EXZIPpy0sVko0aoU,rock,Misery Business,Paramore,0.731,0.906
3xXBsjrbG1xQIm1xv1cKOt,rock,One More Light,Linkin Park,0.17,0.2
6cr6UDpkjEaMQ80OjWqEBQ,rock,Sultans of Swing,Dire Straits,0.923,0.868
6XEPmHllDGDaO4w84Xjtgi,rock,Young And Menace,Fall Out Boy,0.278,0.833
4OjWzYIZxHMZCzNvbcgniD,rock-n-roll,Honky Tonk Women,The Rolling Stones,0.969,0.727
4SXU3lUZ1eb4JWWbkQw43Y,rock-n-roll,Don't Stop,Fleetwood Mac,0.88,0.632
1NVd0iitjEKH8kQF7xdrTv,rock-n-roll,Race With the Devil,Gene Vincent,0.86,0.6
0iIJ6t6HbI8CJnS7pmuCHb,rock-n-roll,Cotton Fields,Creedence Clearwater Revival,0.872,0.649
2GAIycsMaDVtMtdvxzR2xI,rock-n-roll,Bohemian Rhapsody - Remastered 2011,Queen,0.228,0.402
38YIXFiaxObKlTedUzbrz9,rockabilly,Knock 123,Imelda May,0.0687,0.168
4dBsNtb0GyyAyfI4SxDiJO,rockabilly,Sad but True (feat. Big Brother),Top Cats,0.671,0.97
09JqZQEpALvwikPOroar0q,rockabilly,Ready Teddy,Buddy Holly,0.947,0.741
5TsZ5Et9bNtF2RXRM1QCxs,rockabilly,Crazy Mixed up Kid,Stray Cats,0.59,0.947
3ZkyVMesCCDQOvEqm6x5SK,rockabilly,Why Don't You Dance,John Lindberg Trio,0.897,0.821
6wP5uuy0xBEyGl137e3Pu2,romance,Lemme Smang It (feat. Flynt Flossy),Yung Humma,0.201,0.315
2wqaekenSQZm7hxQOYt8oE,romance,Am I Wrong,Nico & Vinz,0.76,0.68
46n2EGFnPC3tzWCN1Aqe26,romance,This I Promise You,*NSYNC,0.466,0.587
6iNcyWk5iUEY7P9zeTc5hm,romance,Amazed,Lonestar,0.253,0.553
0BCPKOYdS2jbQ8iyB56Zns,sad,Clocks,Coldplay,0.255,0.749
7wOInrhCRiWaXdzvQ7oUvN,sad,Don't Go (feat. Lights),Bring Me The Horizon,0.0875,0.786
0mdKKDJjmUVwnCHXzTiGdf,sad,lousy truth,Never Shout Never,0.635,0.315
5NTA3dsB2DlLaSG1KM6RTh,sad,The River,Bruce Springsteen,0.594,0.554
5OOd01o2YS1QFwdpVLds3r,sad,Invisible,Taylor Swift,0.233,0.394
2dwhMQsFeHr2S787WxqAqW,salsa,You Sang To Me,Marc Anthony,0.741,0.894
2uvsI3tZ87mimHyrLJ4Iff,salsa,El Triste,Various Artists,0.887,0.664
6KgK7IBN2vaK7zTOHhoxHB,salsa,La Negra No Quiere,Grupo Niche,0.641,0.847
6VWSTkL9ZWNIqK6TvyAbO8,salsa,No Hace Falta Nada,Víctor Manuelle,0.936,0.837
25gKDYktpgqSQGdxwDoTsh,salsa,Juguete De Nadie,Luisito Ayala Y La Puerto Rican Power,0.915,0.737
5yRJphy4i26vSCuv13Slw4,samba,Eu Sou Favela,Seu Jorge,0.878,0.403
6ZzHsOBfhT6nCPEGjN5Cuk,samba,Rei do Samba - Ao Vivo,Luiz Melodia,0.898,0.852
6GMfiXYhCd2rkWhM9AWnLI,samba,Um Bilhete Pra Didi,Novos Baianos,0.936,0.892
3EJ0Bi2xuE3Rv9EVcEIaze,samba,Cuanto Le Gusta,Carmen Miranda,0.966,0.487
6SYTb1wqgyGr00ZlfPt4bb,samba,Formosa,Various Artists,0.835,0.448
5d0csp3XSkOYYuECgTEJgq,sertanejo,A Mala,Sérgio Reis,0.832,0.779
3oNSfV8g5dSWO0xcV9Py8c,sertanejo,Amor Em Dobro - Ao Vivo,César Menotti & Fabiano,0.841,0.854
3AbbYGK5aM91GDVzrqPJmZ,sertanejo,Sou Nada Sem Você,Cristiano Araújo,0.887,0.766
4kqZ15bHNjzpMbfPS43T3c,sertanejo,Quatro Estações,Various Artists,0.659,0.947
5qiR7i8lsDHjHa4jf7ECZ0,sertanejo,Quem de nós Dois (La Mia Storia Tra Le Dita) - Ao Vivo,Victor & Leo,0.535,0.589
1T5t8mYCEihHpd9JOdLrd3,show-tunes,West Side Story: Act I: Tonight,Leonard Bernstein,0.146,0.124
7jd2H8AwUYk4EbFzc6GO7o,show-tunes,I Know Him So Well,Various Artists,0.134,0.123
7s1wnj6kzIbk229AHDDGq5,show-tunes,I Know It's Today,Various Artists,0.421,0.27
0QR1pHhLZMKfvHM1cwycr7,show-tunes,(It's) Hairspray,Various Artists,0.572,0.793
78EMhiyAcalWWtnpk20Eoo,show-tunes,Honor To Us All,Mulan - Cast,0.652,0.242
1RywwImkBFUEVcRTBmw7vL,singer-songwriter,The Age of Worry,John Mayer,0.294,0.362
5ULWOQncFghxDboleclsf7,singer-songwriter,Dust Bowl Dance,Mumford & Sons,0.333,0.602
0sKAZF2T0hD3SfEr0U0rqX,singer-songwriter,"OK, It's Alright with Me",Eric Hutchinson,0.666,0.597
0YMFcrMtBowDdD5bPz0cgy,singer-songwriter,Talkin' Bout a Revolution,Tracy Chapman,0.671,0.732
277Q2UaF8FeL7WNWQgzdlk,singer-songwriter,Place To Be,Nick Drake,0.432,0.234
1hk0qnDBFegDxZIlHJLCds,ska,Pipe Down,The JB Conspiracy,0.951,0.949
1WAmSP5uB3Vm5eS4vkEYdb,ska,Freeze Up,Operation Ivy,0.836,0.966
0lRwNfZzYlPrRywFD2VVpd,ska,Sock It To 'Em JB - 2002 Remastered Version,The Specials,0.949,0.854
0EUwCozgTpHdWE1N6I39dV,ska,"S.R. (Masters Version Live in Anaheim, CA) - Best Of",Reel Big Fish,0.458,0.857
5ofoBxFkjWJ0EFJsgBVZk1,ska,Red Red Wine,Various Artists,0.939,0.489
6k7b4mcxLP5HPo6hNoXoM6,sleep,Shot For Me,Drake,0.177,0.465
0e9yNhxYfJul6sQ8Cizr1B,sleep,The Climb,Various Artists,0.396,0.594
6ZFbXIJkuI1dVNWvzJzown,sleep,Time,Hans Zimmer,0.0395,0.0968
6zwUw48YOZL1CE8toS0WGN,sleep,Fantasy,The xx,0.0345,0.0749
1MSxlXAa1fInwX4ossrn04,songwriter,Don't Tell Me That It's Overs,Tim Walker Adam,0.647,0.893
57TcSOqWS3AIsTb3BWlZjK,songwriter,A Street,Leonard Cohen,0.708,0.378
13SAx9wQSE4vCGolSOskpu,songwriter,In The Sun,Joseph Arthur,0.282,0.631
3eB9uCJNnyy8TeLgYsnPIQ,songwriter,24 Karat Gold,Stevie Nicks,0.695,0.714
321cXoYTsPtmNaVGubsz4o,songwriter,Better Man,Paolo Nutini,0.505,0.434
0PlxkfQrCeE0XMqcjGlzsi,soul,What's Love Got to Do with It,Tina Turner,0.793,0.406
51l8jiqsGYCiKUJBLXJvA9,soul,Stay With You,John Legend,0.198,0.343
1jKW8H81OtWvWeQG5zoxWR,soul,Here We Go Again (with Norah Jones),Ray Charles,0.402,0.304
7LJz6DZS1tIRB06bbYbAPi,soul,...& On,Erykah Badu,0.724,0.343
4hmTnZ867rAhlCdtlo1JCZ,soundtracks,Forgive Me,Patrick Doyle,0.0328,0.133
71u5sCMNIR0FSaVBItszO3,soundtracks,Rose Of Arimathea,Hans Zimmer,0.0367,0.0209
0Zj3Ihs4nn3G3xZ2LKLEbP,soundtracks,Sally's Song,Various Artists,0.113,0.113
1XuTyNtFLZvBBBHtgte5F2,soundtracks,The Cave,James Newton Howard,0.0566,0.0862
6vrCzEjpTrsL7p9T30tFFb,soundtracks,"Strawberry Fields Forever - From ""Across The Universe"" Soundtrack",Various Artists,0.27,0.692
37QuCMe2SASXrkLm5NhT5m,spanish,No Me Enseñaste,Thalia,0.788,0.73
3VKFip3OdAvv4OfNTgFWeQ,spanish,,Various Artists,0.726,0.919
6QNMVoRnBRjasxwAynNZPN,spanish,Nada,Prince Royce,0.627,0.883
1ulGY04pV5DA3VpOunkrix,spanish,Un Día en el Mundo,Vetusta Morla,0.335,0.863
7utNoRaGIMDoPV9z12pYb5,spanish,Abrázame,Various Artists,0.323,0.466
0jjphpegPbJIk0C6BSvTE5,study,Underdog,Imagine Dragons,0.57,0.831
3Eqaogon7dKnHLIUXuIPbO,study,"Darcy's Letter - From ""Pride & Prejudice"" Soundtrack",Jean-Yves Thibaudet,0.0398,0.0189
0Ph6L4l8dYUuXFmb71Ajnd,summer,Livin' la Vida Loca,Ricky Martin,0.933,0.954
6Vc5wAMmXdKIAM7WUoEb7N,summer,Say Something,A Great Big World,0.0765,0.147
5vCgOg9VqRaAUbnflCO6P3,summer,Cop Car,Keith Urban,0.366,0.664
44XBLYMVEt5vJcb5qXfQ7V,summer,Alejandro,Lady Gaga,0.369,0.799
3ZQmQfeyoKnkqcjmKo2M06,swedish,Delelelelelelelikat (med Kapten Röd),General Knas,0.819,0.804
1KyjHfi9yc3c0jI0PKSnN8,swedish,Gör min dag,Petter,0.786,0.94
4oxpQ0HQymKMPaY9QKwYmq,swedish,Längst fram i taxin,Snook,0.923,0.678
5ffJBgr7oqP9shTESrmLwU,swedish,Jag har väntat på ett regn,Lars Winnerbäck,0.271,0.501
75lONKZNhv4bvUxiwzKxIc,swedish,Dance With Somebody - Radio Version,Mando Diao,0.582,0.894
5bSZ7X47NVL7hPO3a4HpF1,synth-pop,Elephant,Tame Impala,0.509,0.556
51ZPtAuqT0V5lNONYZTrxy,synth-pop,Hey Now,London Grammar,0.0393,0.28
5Az8KU81g2aLBbJN67F2CI,synth-pop,Mind Over Matter,Young the Giant,0.293,0.763
6Qj1WXW41Mn3Fh9V2sHphM,synth-pop,On Top Of The World,Imagine Dragons,0.761,0.926
3sesq9P6ndjuqaq5om7sxT,synth-pop,I Put A Spell On You,Annie Lennox,0.299,0.366
170RJ3CN1Ss8fQbCnHMhVJ,tango,Viejo porton,Rodolfo Biagi,0.9,0.348
3J5ce8XaFIRzFz67EcNdhy,tango,Caricias,Various Artists,0.837,0.244
21H5iAGMgRtUb0vSA5qZwS,tango,Tu y Yo,Orquesta Francisco Canaro,0.317,0.23
6fAHmQSQkqiA098DRVheXY,tango,Mozo Guapo,Ricardo Tanturi,0.877,0.512
3TsRqLv0GJFN4PSNPi8TbM,tango,Yo soy de San Telmo,Various Artists,0.931,0.279
3Yvi7vnCCYHfSi8fz8aZAe,techno,Natteravn,Rasmus Seebach,0.364,0.722
0aTbNrLDDUAQt7q9uEZDjm,techno,Love Is Gone - Fred Riester & Joachim Garraud Radio Edit Remix,David Guetta,0.708,0.813
0oks4FnzhNp5QPTZtoet7c,techno,Giorgio by Moroder,Daft Punk,0.41,0.682
3xcv3R9LGJkprp0EOQvdNt,techno,Everyday - Netsky Remix,Rusko,0.102,0.933
0FgfmsHUeWpOiHIcddnxF8,techno,Booyah (feat. We Are Loud & Sonny Wilson) - Radio Edit,Various Artists,0.266,0.917
4jW0JslSUaV94CUPeCGlM8,trance,Mirage,Armin van Buuren,0.157,0.757
0R0S2PsKD1lH8Qc9zw6ppd,trance,Innocence (feat. Jessy),Jessy,0.628,0.964
4hdM3HKSCrdVK0hezMn1RL,trance,The Drums (Markus Schulz Remix),Cosmic Gate,0.514,0.623
4rwpZEcnalkuhPyGkEdhu0,trance,Scary Monsters and Nice Sprites,Skrillex,0.324,0.944
1VWSVt3Q0nGbq2EHe2zJYJ,trance,Pair of Dice (Radio Edit),Tiësto,0.209,0.918
6zHjcsZzOMUYLgeIUaQoZe,trip-hop,Who Am I,Peace Orchestra,0.466,0.325
0jdG9k48w63auVRPEqVcfz,trip-hop,Single,Everything But The Girl,0.543,0.413
0ig9qLenoEShtGuX1lSb47,trip-hop,We Carry On,Portishead,0.414,0.913
0YBNkK5AGE3fvIjr7Ctj1I,trip-hop,Name Taken,Massive Attack,0.0395,0.676
0tNnfmLnPFjYQkYYHMCpNn,trip-hop,Heart Stop,Wax Tailor,0.849,0.688
0ShJKWx4I64bNYogXBoV82,turkish,Sultan Süleyman,Various Artists,0.24,0.515
5FH9NxVqSMCUTAOaocK5Y1,turkish,Zor Sevdiğimden,Sıla,0.377,0.264
2yM45OSoRjzbPQJ1hXFuov,turkish,İstanbul'da Sonbahar,Nil Karaibrahimgil,0.299,0.205
61S6wtjY80a6vHxP3JHSgE,turkish,212,Azealia Banks,0.663,0.763
2FrBHYuuMOAQlGiyWtndMg,work-out,Ball - feat. Lil Wayne,T.I.,0.512,0.885
5x9VIW2fS21JMswOt6AORI,work-out,Classic,MKTO,0.8,0.781
0gsIQwgHmi1DGv1n2IipUr,work-out,Move,Little Mix,0.765,0.741
2g136494iEXB1GGPakAFzx,work-out,Pressure - Alesso Remix,Nadia Ali,0.357,0.795
5PtEpuVX03k9bOUwilL5EO,work-out,Punching In A Dream,The Naked And Famous,0.164,0.883
3yQn3OaOsRlmGxp7JkuaWI,world-music,Merry Blues,Manu Chao,0.896,0.872
3UP1tXjoeOCN79iuz21jME,world-music,Walla Illa (feat. Kyp Malone & Tunde Adebimpe),Tinariwen,0.626,0.715
6F28CLAzz6JwhfkBjyEgKx,world-music,Tabali te,Bassekou Kouyate,0.463,0.299
28XLm6llbRcoD7YEJKwFe3,world-music,Man Of Wool,Dhafer Youssef,0.208,0.279
4dYlRVlcrYYwQtUYGrJOaM,world-music,Hand Drums Of The Native American,Drums Of The World,0.524,0.372
